DATE,MAX_TEMPERATURE_C,MIN_TEMPERATURE_C,WINDSPEED_MAX_KMH,TEMPERATURE_MORNING_C_6H,TEMPERATURE_NOON_C_12H,TEMPERATURE_EVENING_C_18H,PRECIP_TOTAL_DAY_MM,HUMIDITY_MAX_PERCENT,VISIBILITY_AVG_KM,PRESSURE_MAX_MB,CLOUDCOVER_AVG_PERCENT,HEATINDEX_MAX_C,DEWPOINT_MAX_C,WINDTEMP_MAX_C,WEATHER_CODE_MORNING_6H,WEATHER_CODE_NOON_12H,WEATHER_CODE_EVENING_18H,TOTAL_SNOW_MM,UV_INDEX,SUNHOUR,OPINION,SUNSET,SUNRISE,TEMPERATURE_NIGHT_C_3H,WEATHER_CODE_NIGHT_3H,TEMPERATURE_9H,WEATHER_CODE_9H,TEMPERATURE_15H,WEATHER_CODE_15H,TEMPERATURE_21H,WEATHER_CODE_21H,TEMPERATURE_MIDNIGHT_0H,WEATHER_CODE_MIDNIGHT_0H
2025-05-01,24,14,23,14,22,22,0.0,82,10.0,1018,4.25,25,11,12,113,113,113,0,5,14,,20:57:00,06:47:00,15,113,17,113,24,113,19,113,15,113
2025-05-02,25,15,29,15,21,22,0.1,68,10.0,1016,32.125,25,11,13,113,116,119,0,5,11,,20:58:00,06:45:00,15,113,18,113,25,176,18,113,16,113
2025-05-03,24,13,17,13,22,24,0.0,84,9.875,1014,20.75,25,15,12,113,113,113,0,5,11,,20:59:00,06:44:00,15,113,18,113,24,113,20,122,16,116
2025-05-04,21,14,10,14,19,16,12.8,96,6.875,1012,86.625,21,15,13,176,356,356,0,4,8,,21:00:00,06:42:00,15,305,17,122,21,176,14,305,18,122
2025-05-05,15,12,22,12,13,15,3.5,94,9.625,1014,74.625,15,12,9,176,122,113,0,3,7,,21:02:00,06:41:00,13,356,12,122,15,176,12,113,13,122
2025-05-06,13,6,21,6,13,12,1.5,94,10.0,1017,63.125,13,8,3,116,176,305,0,4,7,,21:03:00,06:40:00,7,116,11,119,13,176,10,122,9,116
2025-05-07,17,9,14,9,15,16,0.1,93,10.0,1017,74.625,17,8,7,119,119,119,0,3,8,,21:04:00,06:38:00,9,122,11,116,17,122,13,113,9,176
2025-05-08,19,8,9,8,17,16,0.1,82,10.0,1015,44.75,19,9,8,113,176,122,0,4,13,,21:05:00,06:37:00,8,113,12,113,19,116,14,116,11,116
2025-05-09,19,11,15,11,18,18,0.2,83,9.875,1013,64.75,19,10,11,116,119,176,0,3,10,,21:06:00,06:36:00,11,116,14,116,19,119,15,116,12,119
2025-05-10,22,11,28,11,21,19,0.0,93,9.375,1013,39.0,24,13,10,116,113,119,0,5,13,,21:07:00,06:35:00,12,119,17,113,22,113,16,119,12,116
2025-05-11,17,14,17,14,17,16,0.3,96,8.625,1013,82.0,17,13,14,176,122,119,0,4,2,,21:08:00,06:33:00,14,119,16,176,15,122,13,119,14,116
2025-05-12,18,10,16,10,16,18,0.0,92,10.0,1015,82.25,18,10,9,122,122,119,0,3,7,,21:10:00,06:32:00,10,122,14,119,17,119,14,116,11,122
2025-05-13,21,9,8,9,19,21,0.3,92,9.875,1015,37.875,24,12,9,113,116,176,0,5,10,,21:11:00,06:31:00,10,113,14,116,21,113,16,119,12,113
2025-05-14,23,10,10,10,21,21,0.0,88,9.875,1016,33.125,24,13,10,113,113,113,0,4,12,,21:12:00,06:30:00,11,116,16,113,23,113,17,119,13,122
2025-05-15,21,12,17,12,17,19,2.1,97,7.375,1016,88.5,21,14,11,122,299,305,0,4,3,,21:13:00,06:29:00,13,122,14,122,21,176,16,119,13,119
2025-05-16,20,12,18,12,19,20,0.0,94,10.0,1018,35.0,20,12,10,113,122,113,0,5,13,,21:14:00,06:28:00,12,113,15,113,19,116,16,113,13,116
2025-05-17,22,10,11,10,19,21,0.0,94,9.0,1018,4.625,24,10,9,113,113,113,0,5,15,,21:15:00,06:27:00,11,113,15,113,22,113,19,113,13,113
2025-05-18,26,11,10,11,23,25,0.0,82,10.0,1017,17.0,26,13,10,122,113,113,0,5,14,,21:16:00,06:26:00,11,113,16,113,26,113,22,113,14,113
2025-05-19,23,16,10,16,21,19,7.6,79,9.625,1015,65.125,25,16,16,113,119,356,0,5,4,,21:17:00,06:25:00,17,119,18,176,23,122,14,356,18,116
2025-05-20,18,13,28,13,16,18,6.6,93,8.375,1022,94.25,18,14,11,176,176,299,0,3,3,,21:18:00,06:24:00,13,356,13,176,17,176,16,119,13,356
2025-05-21,20,11,17,11,17,19,0.1,96,9.0,1023,50.625,20,13,10,116,176,116,0,4,12,,21:19:00,06:23:00,12,113,15,119,20,116,15,122,15,116
2025-05-22,17,12,25,12,16,17,0.6,86,9.0,1020,87.5,17,10,10,122,176,119,0,3,6,,21:20:00,06:22:00,12,176,13,176,16,122,14,119,13,176
2025-05-23,20,9,21,9,18,19,0.4,97,8.75,1020,72.0,20,11,8,119,176,176,0,3,7,,21:21:00,06:21:00,10,116,14,119,20,176,15,119,11,119
2025-05-24,21,10,16,10,19,20,0.0,87,10.0,1023,41.5,21,10,8,116,119,113,0,5,13,,21:22:00,06:21:00,11,116,15,116,21,116,16,116,13,116
2025-05-25,22,11,18,11,20,21,0.0,90,10.0,1023,20.125,24,12,10,113,116,113,0,5,15,,21:23:00,06:20:00,11,113,17,116,22,116,16,113,13,113
2025-05-26,20,13,18,13,19,19,0.1,90,10.0,1024,54.875,20,12,12,176,176,116,0,5,9,,21:24:00,06:19:00,11,122,16,176,20,116,14,113,12,113
2025-05-27,21,9,11,9,19,21,0.0,91,10.0,1026,23.0,24,10,8,113,113,113,0,5,14,,21:25:00,06:19:00,10,113,15,113,21,113,15,122,12,113
2025-05-28,25,12,16,12,23,24,0.0,83,10.0,1026,8.25,26,14,12,113,113,113,0,5,15,,21:26:00,06:18:00,12,113,18,113,25,113,18,113,14,116
2025-05-29,27,14,11,14,24,26,0.0,91,10.0,1026,3.75,27,16,14,113,113,113,0,6,15,,21:27:00,06:17:00,14,113,20,113,27,113,20,113,15,113
2025-05-30,31,16,8,16,28,31,0.0,87,10.0,1021,1.25,31,16,16,113,113,113,0,6,15,,21:28:00,06:17:00,17,113,23,113,31,113,23,113,18,113
2025-05-31,29,16,9,16,26,28,0.1,91,10.0,1021,36.125,29,17,16,176,113,113,0,6,13,,21:28:00,06:16:00,16,176,22,113,29,113,22,176,19,113
2025-06-01,27,16,9,16,26,25,0.5,91,10.0,1020,35.5,28,18,16,113,116,176,0,6,12,,21:29:00,06:16:00,17,113,21,113,27,176,19,353,20,113
2025-06-02,22,17,14,17,17,22,6.0,94,8.625,1020,86.0,24,17,17,353,353,176,0,4,6,,21:30:00,06:15:00,17,176,17,176,20,176,16,302,17,143
2025-06-03,23,15,10,15,22,23,0.7,97,6.25,1017,64.0,25,16,15,143,176,116,0,4,7,,21:31:00,06:15:00,14,143,19,176,22,200,17,263,16,143
2025-06-04,19,14,12,14,16,19,3.3,95,9.0,1018,95.125,19,15,13,143,176,176,0,4,2,,21:32:00,06:14:00,14,353,14,176,19,176,17,116,16,353
2025-06-05,23,15,7,15,21,23,0.0,82,10.0,1018,50.875,25,13,15,116,116,116,0,5,14,,21:32:00,06:14:00,14,122,17,116,23,116,17,116,15,116
2025-06-06,25,15,13,15,23,23,0.3,78,9.875,1018,45.125,26,17,15,116,113,176,0,5,12,,21:33:00,06:14:00,14,116,20,116,25,116,19,176,15,116
2025-06-07,21,16,15,16,20,19,0.0,91,10.0,1021,85.75,21,16,16,122,176,176,0,4,1,,21:34:00,06:13:00,17,116,17,176,21,176,17,176,19,176
2025-06-08,22,12,13,12,19,22,0.0,95,9.0,1023,50.625,24,13,11,143,176,119,0,5,5,,21:34:00,06:13:00,12,113,17,176,21,119,16,113,14,113
2025-06-09,27,13,11,13,24,26,0.0,82,10.0,1023,2.875,26,11,14,113,113,113,0,5,15,,21:35:00,06:13:00,13,113,20,113,27,113,19,113,15,113
2025-06-10,31,15,10,15,28,30,0.0,72,10.0,1020,12.5,30,15,15,119,113,113,0,6,15,,21:35:00,06:13:00,15,113,22,113,31,113,23,113,17,113
2025-06-11,35,18,16,18,32,28,0.1,69,10.0,1017,28.0,35,17,18,113,113,176,0,6,12,,21:36:00,06:12:00,19,113,25,113,35,113,20,176,21,116
2025-06-12,31,18,14,18,29,30,0.0,93,10.0,1015,16.875,32,18,18,116,113,113,0,6,14,,21:36:00,06:12:00,18,113,23,116,31,113,24,113,20,113
2025-06-13,33,18,23,18,31,31,0.2,84,9.875,1017,12.0,34,17,18,113,113,113,0,6,14,,21:37:00,06:12:00,18,113,24,113,33,113,23,176,20,113
2025-06-14,26,19,11,19,22,25,0.9,93,10.0,1021,55.0,27,19,19,119,176,353,0,6,7,,21:37:00,06:12:00,18,113,21,176,26,116,21,119,20,113
2025-06-15,23,17,17,17,21,23,0.1,89,10.0,1025,68.625,25,17,17,176,176,116,0,4,11,,21:38:00,06:12:00,17,122,18,119,23,116,18,113,19,176
2025-06-16,27,15,15,15,25,27,0.0,86,10.0,1026,6.5,27,14,14,113,113,113,0,6,15,,21:38:00,06:12:00,16,116,21,113,27,113,20,113,17,113
2025-06-17,30,15,14,15,28,29,0.0,74,10.0,1023,0.0,29,11,15,113,113,113,0,6,15,,21:39:00,06:12:00,15,113,22,113,30,113,22,113,17,113
2025-06-18,31,16,11,16,29,30,0.0,81,10.0,1022,0.875,30,14,16,113,113,113,0,6,15,,21:39:00,06:12:00,17,113,23,113,31,113,23,113,19,113
2025-06-19,34,18,9,18,31,32,0.0,68,10.0,1019,0.0,32,13,18,113,113,113,0,7,15,,21:39:00,06:12:00,18,113,25,113,34,113,24,113,20,113
2025-06-20,34,18,12,18,32,33,0.0,79,10.0,1020,4.375,34,15,18,113,113,113,0,7,15,,21:39:00,06:13:00,18,113,25,113,34,113,26,113,21,113
2025-06-21,38,21,9,21,35,36,0.0,58,10.0,1017,1.5,37,16,21,113,113,113,0,7,15,,21:40:00,06:13:00,21,113,29,113,38,113,26,113,24,113
2025-06-22,33,18,13,18,30,29,0.3,91,10.0,1020,21.5,34,17,18,116,113,176,0,6,13,,21:40:00,06:13:00,17,113,24,113,33,113,23,113,19,113
2025-06-23,30,17,16,17,28,29,0.0,93,10.0,1021,14.125,31,18,17,113,113,113,0,6,15,,21:40:00,06:13:00,18,113,23,113,30,113,24,113,20,116
2025-06-24,36,20,11,20,32,28,0.0,81,10.0,1019,8.875,37,17,20,113,113,113,0,7,15,,21:40:00,06:14:00,21,113,26,113,36,113,24,113,22,113
2025-06-25,38,19,22,19,38,36,0.2,87,9.875,1017,28.75,38,17,19,113,113,176,0,7,13,,21:40:00,06:14:00,19,113,29,113,38,200,19,176,22,113
2025-06-26,29,17,18,17,26,28,0.0,95,7.0,1023,40.25,29,18,17,143,113,113,0,5,12,,21:40:00,06:14:00,17,143,21,176,29,113,23,113,19,143
2025-06-27,31,17,15,17,28,31,0.0,84,10.0,1026,1.5,31,15,17,113,113,113,0,6,15,,21:40:00,06:15:00,17,113,23,113,31,113,24,113,20,113
2025-06-28,35,19,14,19,33,35,0.0,69,10.0,1024,2.0,35,15,20,113,113,113,0,7,15,,21:40:00,06:15:00,20,113,27,113,35,113,28,113,22,113
2025-06-29,38,21,14,21,34,37,0.0,70,10.0,1022,4.5,38,15,21,113,113,113,0,7,15,,21:40:00,06:16:00,22,113,28,113,38,113,30,113,25,113
2025-06-30,39,22,17,22,36,38,0.0,66,10.0,1018,4.625,38,16,22,113,113,113,0,8,15,,21:40:00,06:16:00,23,113,30,113,39,113,31,113,25,113
2025-07-01,39,20,14,20,35,38,0.0,75,10.0,1017,4.75,38,15,20,113,113,113,0,7,15,,21:40:00,06:17:00,22,113,28,113,39,113,28,113,26,113
2025-07-02,35,20,17,20,32,34,2.5,88,9.875,1019,25.25,36,18,20,116,113,113,0,7,14,,21:39:00,06:17:00,19,116,25,113,35,113,21,176,23,113
2025-07-03,32,17,14,17,28,32,0.8,93,9.875,1024,33.25,33,17,17,116,113,113,0,5,14,,21:39:00,06:18:00,17,116,22,113,32,113,25,176,19,176
2025-07-04,35,17,14,17,31,35,0.0,83,10.0,1024,8.0,35,15,17,113,113,113,0,7,14,,21:39:00,06:18:00,18,113,25,113,35,113,27,113,21,113
2025-07-05,33,18,14,18,28,32,0.8,78,10.0,1020,49.375,33,16,18,176,116,113,0,5,11,,21:39:00,06:19:00,20,113,22,176,33,113,22,299,23,176
2025-07-06,30,15,22,15,27,29,0.0,90,10.0,1018,18.5,29,14,15,113,116,113,0,6,15,,21:38:00,06:20:00,17,113,22,113,30,116,23,113,21,113
2025-07-07,22,16,29,16,22,19,0.7,96,9.0,1017,89.75,25,16,16,176,176,176,0,4,3,,21:38:00,06:20:00,18,176,18,266,22,176,18,176,20,176
2025-07-08,27,12,21,12,24,27,0.1,93,10.0,1020,26.75,26,12,11,113,116,113,0,5,15,,21:38:00,06:21:00,14,116,19,116,27,113,20,113,16,176
2025-07-09,31,13,15,13,27,30,0.0,67,10.0,1020,0.75,29,7,13,113,113,113,0,6,15,,21:37:00,06:22:00,13,113,22,113,31,113,22,113,17,113
2025-07-10,34,15,14,15,31,34,0.0,46,10.0,1019,0.0,32,4,15,113,113,113,0,7,15,,21:37:00,06:23:00,16,113,24,113,34,113,24,113,19,113
2025-07-11,36,16,10,16,34,36,0.0,44,10.0,1015,0.75,35,8,16,113,113,113,0,7,15,,21:36:00,06:23:00,17,113,26,113,36,113,26,113,20,113
2025-07-12,33,18,9,18,30,19,3.0,83,9.5,1012,43.75,34,18,18,113,176,356,0,6,12,,21:35:00,06:24:00,18,113,23,386,33,200,18,116,21,113
2025-07-13,31,16,12,16,28,31,0.4,94,9.875,1016,35.25,31,16,16,116,113,176,0,6,11,,21:35:00,06:25:00,16,113,22,113,31,113,23,176,17,116
2025-07-14,31,17,10,17,27,31,0.3,91,9.875,1021,22.75,31,17,17,113,113,113,0,6,13,,21:34:00,06:26:00,17,116,22,116,31,113,24,176,19,113
2025-07-15,29,19,16,19,24,29,0.0,72,10.0,1024,35.625,29,15,19,116,113,113,0,6,15,,21:34:00,06:27:00,18,119,21,116,29,113,23,113,21,116
2025-07-16,32,15,14,15,27,32,0.0,81,10.0,1023,0.25,30,12,15,113,113,113,0,6,15,,21:33:00,06:28:00,16,113,21,113,31,113,25,113,19,113
2025-07-17,37,18,11,18,33,37,0.0,55,10.0,1018,0.25,36,11,18,113,113,113,0,7,15,,21:32:00,06:28:00,19,113,27,113,37,113,28,113,21,113
2025-07-18,32,18,14,18,28,32,0.0,93,10.0,1014,20.875,32,16,18,119,113,113,0,6,15,,21:31:00,06:29:00,18,116,23,116,32,113,26,113,23,113
2025-07-19,28,16,10,16,22,28,0.5,95,10.0,1013,49.75,28,16,16,353,176,113,0,6,9,,21:31:00,06:30:00,17,353,19,176,27,113,23,113,20,113
2025-07-20,29,18,22,18,28,24,0.4,73,9.0,1010,41.25,29,15,18,113,113,176,0,6,13,,21:30:00,06:31:00,18,113,25,113,29,176,20,266,19,113
2025-07-21,29,16,28,16,26,26,0.4,89,10.0,1017,46.375,27,16,16,116,116,116,0,5,14,,21:29:00,06:32:00,16,119,20,116,29,113,20,113,18,353
2025-07-22,29,14,10,14,25,29,0.0,93,10.0,1019,11.75,28,14,14,116,113,113,0,6,15,,21:28:00,06:33:00,14,113,20,116,29,113,23,113,16,113
2025-07-23,25,16,15,16,24,21,0.6,77,10.0,1016,38.0,26,17,16,113,116,176,0,6,10,,21:27:00,06:34:00,17,113,20,113,25,176,19,353,20,113
2025-07-24,26,14,18,14,24,25,0.0,95,9.0,1017,40.0,26,14,13,143,119,113,0,5,12,,21:26:00,06:35:00,14,116,18,116,26,116,20,113,15,113
2025-07-25,25,13,21,13,25,24,0.0,91,10.0,1019,55.25,25,12,12,119,116,116,0,5,11,,21:25:00,06:36:00,16,116,20,116,24,116,20,176,18,176
2025-07-26,28,14,16,14,26,28,0.3,90,10.0,1021,49.25,27,14,14,116,122,113,0,5,13,,21:24:00,06:37:00,15,116,20,116,26,116,24,116,17,353
2025-07-27,26,14,24,14,25,25,0.1,94,10.0,1021,57.375,26,14,13,122,176,116,0,6,8,,21:23:00,06:38:00,15,116,19,116,26,176,21,116,20,116
2025-07-28,25,16,22,16,23,25,0.0,77,10.0,1021,53.875,25,12,16,119,119,113,0,6,12,,21:22:00,06:39:00,16,119,19,116,24,116,22,176,17,116
2025-07-29,29,13,19,13,26,29,0.0,90,10.0,1022,22.5,27,12,12,113,116,116,0,6,15,,21:21:00,06:40:00,15,113,20,113,29,113,24,116,17,113
2025-07-30,29,14,18,14,26,26,0.0,96,9.0,1022,39.875,28,13,13,143,113,113,0,6,14,,21:19:00,06:41:00,14,122,20,116,29,116,23,116,18,113
2025-07-31,31,14,14,14,27,31,0.0,93,10.0,1022,27.25,29,13,13,116,113,113,0,6,15,,21:18:00,06:42:00,16,119,21,116,30,113,24,113,21,116
2025-08-01,30,14,17,14,26,30,0.0,96,9.0,1020,26.125,29,14,13,143,116,113,0,6,15,,21:17:00,06:44:00,16,113,20,116,30,113,23,113,19,113
2025-08-02,29,14,20,14,26,29,0.0,94,10.0,1018,33.375,27,13,13,116,113,113,0,5,15,,21:16:00,06:45:00,16,116,20,116,29,113,22,116,19,119
2025-08-03,31,13,17,13,27,30,0.0,79,10.0,1022,9.125,28,9,12,113,113,113,0,6,15,,21:15:00,06:46:00,14,113,21,116,31,113,22,113,18,113
2025-08-04,35,15,9,15,30,35,0.0,46,10.0,1022,7.125,33,5,15,113,113,113,0,7,15,,21:13:00,06:47:00,17,116,24,113,34,113,26,113,19,113
2025-08-05,33,17,22,17,30,33,0.0,64,10.0,1023,7.25,31,12,17,113,113,113,0,7,15,,21:12:00,06:48:00,19,113,24,113,33,113,26,113,23,113
2025-08-06,34,17,9,17,30,34,0.0,76,10.0,1022,6.625,32,13,17,113,113,113,0,7,15,,21:11:00,06:49:00,18,113,24,113,33,113,26,113,21,113
2025-08-07,38,18,12,18,34,37,0.0,57,10.0,1018,4.25,36,14,18,113,113,113,0,7,15,,21:09:00,06:50:00,19,113,26,113,38,113,27,113,21,113
2025-08-08,39,18,15,18,34,38,0.0,73,10.0,1019,3.125,39,17,18,113,113,113,0,7,14,,21:08:00,06:51:00,21,113,26,113,39,113,26,113,23,113
2025-08-09,39,20,8,20,35,39,0.0,67,10.0,1020,15.75,39,17,20,113,113,116,0,7,13,,21:06:00,06:52:00,22,113,27,113,39,113,29,113,25,113
2025-08-10,40,17,9,17,34,40,0.0,87,10.0,1023,3.875,39,15,17,113,113,113,0,7,15,,21:05:00,06:53:00,20,113,25,113,39,113,31,113,24,113
2025-08-11,43,23,10,23,40,42,0.0,42,10.0,1017,1.75,44,10,23,113,113,113,0,8,15,,21:04:00,06:55:00,25,113,32,113,43,113,32,113,27,113
2025-08-12,42,19,9,19,37,41,0.0,87,10.0,1018,2.625,42,18,19,113,113,113,0,8,15,,21:02:00,06:56:00,20,113,27,113,42,113,32,113,24,113
2025-08-13,40,22,12,22,37,24,0.3,60,9.75,1019,39.25,40,17,22,113,116,176,0,7,11,,21:01:00,06:57:00,23,113,30,113,40,200,22,176,27,113
2025-08-14,37,20,11,20,33,37,0.0,81,10.0,1018,10.0,36,17,20,113,113,113,0,7,14,,20:59:00,06:58:00,21,116,26,113,37,113,30,113,22,113
2025-08-15,40,22,9,22,37,39,0.0,55,10.0,1019,4.375,40,13,22,113,113,113,0,8,14,,20:58:00,06:59:00,23,113,30,113,40,113,32,113,25,113
2025-08-16,41,23,18,23,38,40,0.0,35,10.0,1018,2.125,41,9,23,113,113,113,0,8,13,,20:56:00,07:00:00,25,113,31,113,41,113,32,113,27,113
2025-08-17,39,19,14,19,34,37,0.0,95,9.0,1018,7.375,39,19,19,143,113,113,0,7,13,,20:54:00,07:01:00,22,113,26,113,39,113,29,116,26,113
2025-08-18,34,19,18,19,30,31,0.1,95,9.0,1016,30.5,34,19,19,143,113,113,0,6,12,,20:53:00,07:03:00,20,116,23,116,34,113,21,176,25,113
2025-08-19,24,18,11,18,23,23,1.6,93,10.0,1016,91.75,26,17,18,353,176,176,0,6,1,,20:51:00,07:04:00,18,122,20,353,24,176,19,353,20,116
2025-08-20,26,17,15,17,23,26,2.8,94,8.875,1014,66.125,26,16,17,143,353,113,0,5,7,,20:50:00,07:05:00,17,353,19,353,26,113,19,176,18,353
2025-08-21,23,15,16,15,22,22,1.2,93,8.0,1017,76.5,25,15,14,176,353,176,0,4,5,,20:48:00,07:06:00,15,143,18,266,23,176,19,176,17,176
2025-08-22,27,15,14,15,23,27,0.0,95,9.0,1018,37.375,27,14,14,143,116,113,0,5,13,,20:46:00,07:07:00,16,116,18,116,27,116,21,113,17,176
2025-08-23,30,14,10,14,26,30,0.0,86,10.0,1019,1.875,28,13,14,113,113,113,0,6,13,,20:45:00,07:08:00,15,113,20,113,29,113,22,113,17,113
2025-08-24,34,16,9,16,31,33,0.0,50,10.0,1015,1.75,32,7,16,113,113,113,0,6,13,,20:43:00,07:09:00,18,113,24,113,34,113,25,113,20,113
2025-08-25,35,19,18,19,32,30,0.1,60,10.0,1015,14.375,34,15,19,113,113,176,0,7,12,,20:41:00,07:10:00,19,113,25,113,35,113,25,113,21,113
2025-08-26,30,19,9,19,26,30,0.1,83,10.0,1015,27.125,30,18,19,113,116,113,0,6,11,,20:40:00,07:12:00,20,113,23,176,30,113,24,116,22,113
2025-08-27,24,18,9,18,21,23,15.6,90,9.375,1013,73.5,26,19,18,176,353,353,0,5,3,,20:38:00,07:13:00,19,113,19,176,24,176,20,308,22,176
2025-08-28,20,18,18,18,18,19,2.0,93,7.875,1013,71.25,20,18,18,176,353,176,0,4,6,,20:36:00,07:14:00,18,389,18,263,20,176,18,116,19,143
2025-08-29,20,13,34,13,18,20,4.1,88,9.625,1013,52.75,20,16,12,113,353,176,0,5,6,,20:35:00,07:15:00,13,113,17,293,20,353,16,176,14,113
2025-08-30,26,15,17,15,23,24,0.3,97,8.75,1015,69.375,26,16,14,248,176,116,0,4,10,,20:33:00,07:16:00,15,176,18,176,26,116,20,113,15,176
2025-08-31,30,17,24,17,27,21,3.4,80,10.0,1014,29.125,30,18,17,113,113,353,0,6,9,,20:31:00,07:17:00,18,113,22,113,30,113,17,353,18,113
2025-09-01,22,16,18,16,17,20,1.5,93,9.75,1017,72.25,24,15,16,353,176,176,0,4,7,,20:29:00,07:18:00,16,353,16,176,22,176,15,116,16,353
2025-09-02,25,12,12,12,22,24,0.0,87,10.0,1017,23.375,25,12,11,116,113,113,0,5,13,,20:27:00,07:19:00,13,113,16,116,25,113,18,113,13,113
2025-09-03,30,16,16,16,26,28,0.0,77,10.0,1018,23.875,30,13,16,113,116,113,0,5,13,,20:26:00,07:21:00,18,116,20,113,30,113,21,113,19,119
2025-09-04,20,17,17,17,19,18,1.1,89,9.875,1021,82.25,20,16,17,353,176,122,0,4,4,,20:24:00,07:22:00,18,200,18,176,20,353,18,176,19,176
2025-09-05,24,12,11,12,21,24,0.0,93,10.0,1024,11.5,25,13,12,116,113,113,0,5,13,,20:22:00,07:23:00,13,113,17,113,24,113,18,113,15,113
2025-09-06,30,15,32,15,28,25,0.0,60,10.0,1019,2.125,29,15,15,113,113,113,0,6,13,,20:20:00,07:24:00,15,113,21,113,30,113,21,113,16,113
2025-09-07,30,19,31,19,28,26,0.2,82,10.0,1017,24.0,30,18,19,113,113,176,0,6,11,,20:19:00,07:25:00,19,113,22,113,30,113,21,176,19,113
2025-09-08,23,16,15,16,21,22,0.1,90,10.0,1018,65.0,25,18,16,116,176,116,0,4,4,,20:17:00,07:26:00,17,113,18,119,23,176,17,176,20,176
2025-09-09,20,15,12,15,17,20,1.0,87,9.0,1019,79.875,20,14,15,119,122,116,0,4,10,,20:15:00,07:27:00,15,266,16,119,20,116,17,122,16,353
2025-09-10,24,12,13,12,22,22,0.1,86,10.0,1016,36.25,25,13,12,113,113,116,0,5,11,,20:13:00,07:28:00,14,116,17,113,24,116,17,176,15,116
2025-09-11,22,14,22,14,22,22,0.1,93,10.0,1021,70.5,25,14,12,176,176,116,0,4,9,,20:11:00,07:30:00,15,176,18,176,21,116,18,176,17,176
2025-09-12,23,16,10,16,21,21,0.0,76,10.0,1022,67.625,25,12,16,122,116,116,0,5,8,,20:10:00,07:31:00,16,116,17,116,23,122,19,122,15,116
2025-09-13,22,15,16,15,21,21,0.0,77,10.0,1022,69.25,25,12,15,116,176,119,0,5,8,,20:08:00,07:32:00,17,176,19,176,22,176,19,122,18,116
2025-09-14,24,15,13,15,21,24,0.0,85,10.0,1022,41.0,26,16,15,116,119,119,0,5,11,,20:06:00,07:33:00,16,116,18,116,22,116,19,113,18,113
2025-09-15,25,16,14,16,25,21,0.0,91,10.0,1024,47.25,26,16,16,113,116,119,0,6,5,,20:04:00,07:34:00,17,113,20,116,25,122,19,176,18,113
2025-09-16,23,16,13,16,19,22,0.0,74,10.0,1026,64.5,25,14,16,122,119,113,0,4,10,,20:02:00,07:35:00,17,176,16,122,23,116,17,113,18,122
2025-09-17,29,13,8,13,26,27,0.0,67,10.0,1024,3.75,27,8,14,113,113,113,0,6,13,,20:01:00,07:36:00,14,113,19,113,29,113,21,113,16,113
2025-09-18,33,15,14,15,28,28,0.0,51,10.0,1023,0.25,30,6,15,113,113,113,0,6,12,,19:59:00,07:37:00,16,113,20,113,33,113,22,113,18,113
2025-09-19,31,18,30,18,28,26,0.0,70,10.0,1022,1.0,31,16,18,113,113,113,0,6,12,,19:57:00,07:39:00,19,113,22,113,31,113,21,113,20,113
2025-09-20,30,20,24,20,29,26,0.9,87,9.875,1019,28.25,30,18,20,113,116,113,0,6,11,,19:55:00,07:40:00,20,113,23,113,30,113,20,296,20,113
2025-09-21,19,15,24,18,16,15,3.1,92,8.875,1019,95.0,19,16,14,353,296,353,0,4,1,,19:53:00,07:41:00,18,176,19,176,15,266,14,176,18,353
2025-09-22,18,12,20,12,17,17,1.0,90,9.0,1018,72.875,18,11,11,353,353,116,0,3,9,,19:52:00,07:42:00,13,266,14,176,18,119,13,176,13,353
2025-09-23,16,9,25,9,15,13,0.0,85,10.0,1023,44.375,16,10,6,116,176,116,0,4,11,,19:50:00,07:43:00,10,113,11,116,16,116,11,116,11,113
2025-09-24,15,10,18,10,15,13,0.2,86,9.0,1023,76.625,15,8,8,176,176,116,0,3,7,,19:48:00,07:44:00,10,176,11,176,15,176,12,116,10,266
2025-09-25,17,10,15,10,14,14,0.0,81,10.0,1023,70.75,17,7,9,119,116,119,0,3,7,,19:46:00,07:45:00,10,116,11,119,17,122,12,122,11,119
2025-09-26,20,9,11,9,17,18,0.0,80,10.0,1021,20.875,20,6,9,116,113,113,0,4,12,,19:44:00,07:46:00,10,113,12,113,20,113,13,113,11,116
2025-09-27,22,9,10,9,20,20,0.0,80,10.0,1020,27.125,24,8,9,122,116,113,0,5,11,,19:43:00,07:48:00,10,113,13,113,22,113,14,116,11,113
2025-09-28,23,13,10,13,20,20,0.0,81,10.0,1020,48.0,24,10,12,116,116,116,0,5,11,,19:41:00,07:49:00,13,116,16,116,23,119,16,116,14,116
2025-09-29,24,13,11,13,22,22,0.0,77,10.0,1021,31.125,25,11,12,116,113,113,0,5,12,,19:39:00,07:50:00,14,116,17,116,24,113,18,116,15,116
2025-09-30,23,11,16,11,21,20,0.0,87,10.0,1022,6.25,24,10,10,113,113,113,0,5,12,,19:37:00,07:51:00,12,113,15,113,23,113,16,113,14,113
2025-10-01,23,11,15,11,20,19,0.0,79,10.0,1023,4.875,24,8,10,113,113,113,0,5,12,,19:35:00,07:52:00,12,113,15,113,23,113,16,116,14,113
2025-10-02,23,10,8,10,21,20,0.0,64,10.0,1024,11.5,23,4,10,113,113,113,0,5,11,,19:34:00,07:53:00,11,113,14,113,23,116,17,116,13,113
2025-10-03,23,13,21,13,21,21,0.0,49,10.0,1022,39.125,25,13,13,116,113,116,0,5,11,,19:32:00,07:54:00,14,113,17,116,23,116,19,176,15,113
2025-10-04,25,14,28,14,24,18,0.8,91,9.0,1024,55.0,26,15,14,119,113,266,0,5,10,,19:30:00,07:56:00,14,116,18,116,25,119,14,176,15,113
2025-10-05,19,10,20,10,17,15,0.0,83,10.0,1028,26.25,19,8,8,116,176,113,0,4,9,,19:28:00,07:57:00,13,113,13,113,19,116,12,113,13,113
2025-10-06,20,8,10,8,17,17,0.0,77,10.0,1028,4.25,20,6,8,113,113,113,0,4,12,,19:26:00,07:58:00,9,113,12,113,20,113,14,113,11,113
2025-10-07,24,11,5,11,20,20,0.0,64,10.0,1023,37.75,24,6,11,113,122,113,0,5,8,,19:25:00,07:59:00,11,113,14,122,24,119,17,113,12,113
2025-10-08,24,13,13,13,22,21,0.0,59,10.0,1021,8.375,25,10,13,113,113,113,0,5,11,,19:23:00,08:00:00,14,113,16,113,24,113,17,116,16,113
2025-10-09,22,13,15,13,20,19,0.0,95,9.0,1024,42.125,24,13,12,143,116,113,0,5,8,,19:21:00,08:01:00,14,116,16,119,22,113,17,116,14,113
2025-10-10,23,12,7,12,20,20,0.0,84,10.0,1027,10.875,24,11,12,113,113,113,0,5,11,,19:19:00,08:02:00,14,113,15,113,23,113,17,113,17,116
2025-10-11,26,12,11,12,22,22,0.0,70,10.0,1028,3.75,25,8,12,113,113,113,0,5,11,,19:18:00,08:04:00,13,113,16,113,26,113,17,113,14,113
2025-10-12,26,13,16,13,23,21,0.0,74,10.0,1025,17.0,25,10,12,113,113,116,0,5,11,,19:16:00,08:05:00,13,113,17,113,26,116,18,116,15,113
2025-10-13,25,13,13,13,23,21,0.0,87,10.0,1021,9.375,25,12,12,113,113,113,0,5,11,,19:14:00,08:06:00,14,113,16,113,25,113,17,113,15,113
2025-10-14,24,13,12,13,22,20,0.0,88,10.0,1020,7.25,25,12,12,113,113,113,0,5,11,,19:13:00,08:07:00,14,113,16,113,24,113,17,113,15,113
2025-10-15,24,13,8,13,22,20,0.0,79,10.0,1019,3.125,25,10,13,113,113,113,0,5,11,,19:11:00,08:08:00,14,113,16,113,24,113,17,113,15,113
2025-10-16,23,11,9,11,21,19,0.0,87,10.0,1019,4.0,24,10,11,113,113,113,0,5,11,,19:09:00,08:10:00,12,113,15,113,23,113,16,113,14,113
2025-10-17,24,11,12,11,21,19,0.0,81,10.0,1018,3.625,24,9,10,113,113,113,0,5,11,,19:08:00,08:11:00,12,113,15,113,24,113,15,113,14,113
2025-10-18,24,11,15,11,21,19,0.0,88,10.0,1020,0.0,25,10,10,113,113,113,0,5,11,,19:06:00,08:12:00,12,113,14,113,24,113,15,113,13,113
2025-10-19,22,13,27,13,21,19,0.0,88,10.0,1018,38.0,24,12,11,116,113,116,0,5,10,,19:04:00,08:13:00,13,113,16,122,22,116,17,176,13,113
2025-10-20,18,16,13,16,17,16,0.7,77,9.375,1010,77.625,18,13,16,263,176,116,0,4,3,,19:03:00,08:15:00,16,176,16,353,18,176,16,116,17,122
2025-10-21,17,13,23,13,15,17,3.7,89,8.625,1010,75.625,17,14,12,176,353,176,0,4,1,,19:01:00,08:16:00,13,119,15,266,16,302,16,176,14,116
2025-10-22,17,15,17,15,17,17,2.1,89,10.0,1010,78.75,17,14,14,353,353,176,0,4,2,,19:00:00,08:17:00,15,353,15,353,17,122,16,116,15,176
2025-10-23,16,14,41,15,15,13,1.3,90,9.875,1016,81.125,16,14,11,353,176,176,0,4,8,,18:58:00,08:18:00,16,296,14,176,15,176,12,353,16,116
2025-10-24,16,10,24,10,13,13,0.5,87,10.0,1017,50.875,16,9,8,116,176,113,0,3,8,,18:56:00,08:20:00,12,176,12,176,16,116,12,113,12,353
2025-10-25,14,11,13,11,14,13,1.1,78,7.375,1016,67.625,14,11,10,263,176,266,0,4,3,,18:55:00,08:21:00,11,119,12,116,14,266,13,176,10,116
2025-10-26,13,11,23,11,12,12,0.2,83,10.0,1023,65.0,13,9,9,176,116,116,0,3,6,,18:53:00,08:22:00,11,176,11,119,13,176,10,176,12,176
2025-10-27,16,10,25,10,15,14,0.0,74,10.0,1023,70.375,16,10,8,116,119,176,0,3,4,,17:52:00,07:24:00,9,116,11,176,16,122,13,176,11,176
2025-10-28,18,12,9,12,17,15,0.0,84,10.0,1023,62.625,18,11,12,122,113,119,0,3,8,,17:51:00,07:25:00,12,176,13,119,18,113,13,122,13,176
2025-10-29,16,12,18,12,16,13,0.0,88,10.0,1013,63.25,16,11,10,116,122,176,0,4,4,,17:49:00,07:26:00,12,113,14,119,15,176,13,176,12,116
2025-10-30,20,13,12,13,18,16,0.0,87,10.0,1014,37.375,20,12,12,116,116,113,0,4,10,,17:48:00,07:28:00,13,119,14,116,20,113,16,113,14,119
2025-10-31,20,12,27,12,19,16,0.0,88,10.0,1013,18.25,20,12,10,113,113,113,0,5,10,,17:47:00,07:29:00,13,113,14,116,20,116,15,113,13,113
2025-11-01,21,15,20,15,20,17,0.0,88,10.0,1018,53.25,24,13,14,113,116,119,0,5,10,,17:45:00,07:30:00,16,116,16,116,21,116,15,122,15,116
2025-11-02,16,12,28,12,16,13,0.8,86,9.0,1025,83.625,16,10,11,353,176,176,0,3,5,,17:44:00,07:32:00,12,266,13,119,16,176,13,176,14,353
2025-11-03,17,9,8,9,15,14,0.1,95,8.0,1027,31.875,17,9,8,143,113,113,0,3,10,,17:43:00,07:33:00,10,143,11,116,17,113,12,113,11,176
2025-11-04,19,11,30,11,17,15,0.0,81,10.0,1023,8.625,19,12,8,113,113,113,0,4,10,,17:41:00,07:34:00,10,113,13,113,19,113,15,116,11,113
2025-11-05,21,14,37,14,20,17,0.0,82,10.0,1018,23.625,21,12,12,113,113,116,0,5,10,,17:40:00,07:36:00,14,113,16,113,21,113,16,119,14,113
2025-11-06,16,11,32,15,11,11,10.1,91,9.0,1009,85.25,16,12,10,176,302,302,0,3,2,,17:39:00,07:37:00,16,176,15,296,12,296,11,176,16,119
2025-11-07,16,12,15,12,15,14,5.1,95,9.5,1013,77.5,16,11,10,353,176,113,0,3,2,,17:38:00,07:38:00,11,296,12,353,16,176,12,116,11,302
2025-11-08,15,11,21,11,13,11,6.6,95,8.625,1021,89.25,15,10,9,296,176,176,0,3,1,,17:37:00,07:40:00,11,296,11,266,15,176,10,176,11,296
2025-11-09,14,8,9,8,13,11,0.0,97,9.0,1022,43.375,14,8,6,143,116,113,0,3,10,,17:35:00,07:41:00,9,176,9,116,14,113,9,113,9,176
2025-11-10,16,8,7,8,14,13,0.0,88,10.0,1018,32.875,16,7,6,116,113,113,0,4,8,,17:34:00,07:42:00,8,113,9,122,16,113,12,113,9,116
2025-11-11,17,9,27,9,16,13,0.0,73,10.0,1017,22.25,17,9,8,113,113,113,0,4,10,,17:33:00,07:43:00,9,116,10,116,17,113,12,113,10,116
2025-11-12,20,13,30,13,19,16,0.0,85,10.0,1014,8.25,20,12,10,116,113,113,0,5,10,,17:32:00,07:45:00,12,113,14,113,20,113,15,113,12,113
2025-11-13,20,16,42,16,20,17,0.0,77,10.0,1014,11.5,20,13,16,113,113,116,0,5,10,,17:31:00,07:46:00,15,113,16,113,19,116,17,113,16,113
2025-11-14,20,17,44,17,20,16,0.2,75,9.375,1009,43.625,20,14,17,113,113,176,0,5,7,,17:30:00,07:47:00,17,119,17,113,19,263,15,113,18,116
2025-11-15,19,13,7,13,17,15,0.0,76,10.0,1009,28.5,19,9,13,176,113,113,0,4,8,,17:29:00,07:49:00,12,116,13,176,19,113,14,113,13,113
2025-11-16,18,11,19,11,16,14,0.1,89,10.0,1011,37.625,18,10,11,119,113,113,0,3,10,,17:28:00,07:50:00,12,116,11,113,18,116,12,113,14,176
2025-11-17,12,11,22,11,12,9,0.7,89,9.0,1020,67.75,12,9,9,176,353,122,0,4,1,,17:27:00,07:51:00,10,116,11,266,12,353,7,113,12,116
2025-11-18,8,3,19,4,7,5,0.0,88,10.0,1023,7.875,8,3,0,113,116,113,0,3,9,,17:27:00,07:52:00,5,113,3,113,8,113,4,113,6,113
2025-11-19,11,2,16,2,8,8,0.9,72,9.875,1020,56.875,11,7,-1,122,119,116,0,3,9,,17:26:00,07:54:00,2,119,3,113,11,116,8,296,3,113
2025-11-20,7,2,18,2,6,5,0.2,88,9.625,1020,57.875,7,2,-1,116,116,176,3,2,7,,17:25:00,07:55:00,4,113,3,119,7,116,4,371,6,116
2025-11-21,5,1,28,1,4,3,0.4,86,9.625,1029,77.0,5,1,-4,176,119,116,5,1,6,,17:24:00,07:56:00,2,371,1,119,5,362,1,116,2,326
2025-11-22,6,0,16,0,5,3,0.0,91,10.0,1032,27.25,6,0,-5,113,113,116,0,1,10,,17:24:00,07:57:00,1,113,0,113,6,113,2,116,2,176
2025-11-23,12,5,32,5,11,11,6.2,93,9.5,1023,94.75,12,9,5,296,296,122,0,2,1,,17:23:00,07:59:00,2,296,9,296,12,176,10,122,3,122
2025-11-24,13,10,39,10,12,10,2.7,83,7.875,1012,87.25,13,9,8,119,296,353,0,3,2,,17:22:00,08:00:00,11,266,11,119,13,266,8,353,11,122
2025-11-25,9,8,24,9,9,7,0.7,87,9.75,1019,63.375,9,7,4,176,176,176,0,2,4,,17:22:00,08:01:00,9,176,8,116,9,176,5,113,8,176
2025-11-26,8,3,25,3,6,5,0.2,89,10.0,1025,69.375,8,2,-1,119,122,176,0,2,3,,17:21:00,08:02:00,4,116,3,176,8,176,4,176,5,116
2025-11-27,8,1,13,1,7,6,0.0,90,10.0,1027,34.5,8,1,-1,113,113,122,0,2,8,,17:21:00,08:03:00,2,113,2,113,8,113,6,176,3,116
2025-11-28,10,6,3,6,8,8,0.0,59,10.0,1026,43.25,10,2,6,116,116,116,0,3,9,,17:20:00,08:04:00,5,116,6,116,10,113,7,116,4,116
2025-11-29,13,5,10,5,11,10,0.0,79,10.0,1022,30.375,13,5,5,116,113,113,0,3,9,,17:20:00,08:05:00,6,116,6,116,13,113,9,116,6,113
2025-11-30,11,8,17,8,10,8,0.3,94,9.0,1022,83.625,11,7,6,176,119,116,0,2,6,,17:19:00,08:07:00,8,122,8,266,11,116,8,176,8,122
2025-12-01,10,3,8,3,8,6,0.0,89,10.0,1022,27.375,10,5,2,113,116,116,0,2,9,,17:19:00,08:08:00,5,113,4,113,10,113,5,116,7,176
2025-12-02,10,6,15,6,10,7,1.9,74,7.875,1015,86.625,10,6,3,122,176,266,0,2,3,,17:19:00,08:09:00,7,116,6,119,8,266,7,296,6,122
2025-12-03,9,6,20,7,8,6,0.9,90,8.0,1018,82.875,9,6,3,176,176,176,0,2,2,,17:18:00,08:10:00,7,266,6,122,9,176,5,113,6,266
2025-12-04,9,5,24,5,8,7,3.2,88,9.625,1017,70.0,9,7,3,113,296,176,0,3,1,,17:18:00,08:11:00,6,116,6,296,9,176,7,296,7,116
2025-12-05,11,6,17,6,10,9,0.6,93,9.75,1016,72.125,11,6,3,176,113,119,0,2,7,,17:18:00,08:12:00,8,176,6,176,11,116,9,176,8,353
2025-12-06,13,10,8,10,12,12,0.0,85,10.0,1020,65.75,13,11,9,113,119,116,0,3,1,,17:18:00,08:13:00,9,116,10,176,13,122,11,116,9,122
2025-12-07,16,11,7,11,14,13,0.0,73,10.0,1021,42.625,16,10,10,176,119,113,0,4,8,,17:18:00,08:14:00,11,116,11,119,16,113,11,113,11,116
2025-12-08,17,9,14,9,15,12,0.0,91,10.0,1021,2.625,17,9,8,113,113,113,0,4,9,,17:18:00,08:15:00,10,113,10,113,17,113,11,113,11,113
2025-12-09,16,10,28,10,15,12,0.0,90,10.0,1020,14.5,16,10,7,113,113,113,0,4,9,,17:18:00,08:16:00,10,113,11,116,16,113,11,113,10,116
2025-12-10,14,9,6,9,14,12,0.0,93,10.0,1023,67.25,14,9,8,116,122,122,0,4,2,,17:18:00,08:17:00,10,116,9,116,13,176,11,119,10,116
2025-12-11,15,9,15,11,13,11,0.0,94,9.0,1026,49.0,15,10,8,119,116,113,0,3,9,,17:18:00,08:17:00,11,122,9,143,15,113,10,113,11,122
2025-12-12,15,8,13,8,13,11,0.0,94,8.0,1023,27.5,15,9,6,143,116,113,0,4,9,,17:18:00,08:18:00,9,116,9,143,15,113,9,113,10,116
2025-12-13,14,7,6,7,12,10,0.0,92,10.0,1028,9.75,14,8,7,113,113,113,0,3,9,,17:18:00,08:19:00,8,113,8,113,14,113,9,113,9,113
2025-12-14,13,6,21,6,11,10,0.0,92,10.0,1026,11.875,13,7,5,113,113,113,0,3,9,,17:18:00,08:20:00,7,113,6,113,13,113,9,113,8,113
2025-12-15,15,9,32,9,15,13,0.0,91,10.0,1019,65.375,15,10,7,116,176,122,0,4,5,,17:18:00,08:21:00,10,116,10,116,15,122,12,122,10,116
2025-12-16,15,11,22,11,14,12,0.0,86,10.0,1017,40.125,15,9,8,116,116,116,0,4,8,,17:19:00,08:21:00,11,116,11,116,15,116,10,116,12,116
2025-12-17,13,7,4,7,12,10,0.0,95,7.0,1023,48.5,13,9,7,143,116,116,0,3,9,,17:19:00,08:22:00,7,143,8,143,13,116,9,113,8,116
2025-12-18,15,8,30,8,14,12,0.0,93,10.0,1024,18.125,15,10,6,116,113,113,0,4,9,,17:19:00,08:23:00,8,116,9,116,15,113,12,113,8,113
2025-12-19,13,8,12,8,12,11,0.0,93,10.0,1021,58.0,13,9,6,113,122,176,0,4,4,,17:20:00,08:23:00,9,116,8,116,13,122,11,122,11,113
2025-12-20,12,9,8,9,11,10,0.0,90,10.0,1020,81.125,12,8,8,119,122,122,0,2,1,,17:20:00,08:24:00,9,122,9,116,12,122,9,116,9,119
2025-12-21,11,8,12,8,11,8,0.2,88,9.0,1008,67.0,11,8,7,116,176,122,0,2,6,,17:21:00,08:24:00,9,116,8,116,11,116,5,266,9,122
2025-12-22,7,5,8,5,6,5,0.7,88,8.0,1007,93.875,7,3,3,176,116,176,0,2,1,,17:21:00,08:25:00,5,266,5,122,7,176,5,122,5,266
2025-12-23,6,5,8,6,6,6,5.4,95,7.5,1012,100.0,6,5,4,296,266,122,0,2,1,,17:22:00,08:25:00,6,176,6,302,6,266,6,122,5,176
2025-12-24,8,6,21,7,8,6,0.0,93,10.0,1013,91.0,8,5,3,122,116,176,0,2,3,,17:22:00,08:26:00,7,122,6,119,7,122,4,176,6,122
2025-12-25,3,0,9,1,3,2,0.1,83,10.0,1020,72.25,3,1,-2,113,119,122,0,1,3,,17:23:00,08:26:00,2,176,0,113,3,122,3,122,3,176
2025-12-26,10,5,31,5,7,9,0.0,85,10.0,1019,77.625,10,6,3,122,176,116,0,2,1,,17:24:00,08:26:00,3,122,5,122,10,119,8,113,3,122
2025-12-27,12,8,26,9,12,9,0.0,82,10.0,1022,34.25,12,6,5,119,116,113,0,3,9,,17:24:00,08:27:00,8,176,8,116,12,113,7,113,8,116
2025-12-28,13,6,12,6,11,9,0.0,74,10.0,1022,7.5,13,6,4,113,113,113,0,3,9,,17:25:00,08:27:00,7,113,6,113,13,113,7,113,7,113
2025-12-29,12,5,6,5,10,8,0.0,90,10.0,1021,15.25,12,5,4,113,113,113,0,3,9,,17:26:00,08:27:00,6,113,5,113,12,113,7,113,7,113
2025-12-30,10,5,19,5,9,7,0.0,95,9.0,1022,43.375,10,6,2,143,116,113,0,3,5,,17:27:00,08:27:00,5,113,6,176,10,176,4,113,6,113
2025-12-31,6,-1,9,0,4,3,0.0,81,10.0,1023,0.0,6,0,-3,113,113,113,0,2,9,,17:28:00,08:27:00,1,113,-1,113,6,113,1,113,2,113
2026-01-01,8,-1,13,-1,5,3,0.0,82,10.0,1021,3.25,8,0,-4,113,113,113,0,2,9,,17:28:00,08:27:00,0,113,-1,113,8,113,2,113,0,113
2026-01-02,7,1,5,1,5,5,0.0,80,10.0,1016,34.125,7,0,0,113,116,116,0,2,9,,17:29:00,08:27:00,1,113,1,113,7,116,4,176,2,113
2026-01-03,6,2,12,2,4,3,0.0,72,10.0,1013,41.75,6,0,0,116,116,122,0,2,7,,17:30:00,08:27:00,2,116,2,113,6,116,1,116,2,113
2026-01-04,3,-3,17,-2,1,0,0.0,84,10.0,1016,29.75,3,0,-7,113,116,116,0,2,7,,17:31:00,08:27:00,-1,113,-3,113,3,119,-1,116,1,116
2026-01-05,2,-4,21,-3,1,-1,0.0,85,10.0,1019,30.375,2,0,-9,113,113,113,0,1,9,,17:32:00,08:27:00,-3,122,-4,113,2,113,-2,116,-2,122
2026-01-06,4,-3,19,-3,2,1,0.0,69,10.0,1024,11.0,4,0,-6,113,113,113,1,2,8,,17:33:00,08:27:00,-3,113,-3,113,4,116,-2,113,-3,113
2026-01-07,5,-4,11,-4,3,4,1.4,86,8.875,1023,44.875,5,4,-7,113,113,176,0,2,6,,17:34:00,08:27:00,-4,113,-4,116,5,266,5,296,-4,113
2026-01-08,12,9,40,9,11,11,5.9,91,9.5,1021,81.75,12,9,5,296,122,116,0,2,1,,17:35:00,08:27:00,8,296,10,296,12,122,8,113,5,296
2026-01-09,10,7,40,9,7,6,1.0,85,9.0,1017,79.5,10,6,2,119,266,176,0,3,1,,17:36:00,08:27:00,10,176,8,176,7,176,6,176,9,116
2026-01-10,8,5,32,5,8,7,2.1,87,10.0,1025,90.875,8,4,1,353,353,176,0,2,4,,17:38:00,08:26:00,6,353,6,176,8,353,6,176,6,353
2026-01-11,9,4,7,4,8,7,0.0,92,9.0,1026,48.125,9,4,3,122,116,116,0,2,9,,17:39:00,08:26:00,4,143,4,116,9,116,6,116,5,176
2026-01-12,10,5,25,6,9,7,0.0,74,10.0,1022,17.5,10,4,2,116,113,113,0,3,9,,17:40:00,08:26:00,5,116,5,113,10,113,6,113,5,113
2026-01-13,13,6,23,6,11,10,0.0,91,10.0,1017,40.375,13,7,2,116,113,122,0,3,6,,17:41:00,08:25:00,6,116,6,113,13,122,8,113,6,113
2026-01-14,13,7,8,8,11,10,0.0,94,10.0,1020,33.75,13,8,6,116,116,113,0,3,9,,17:42:00,08:25:00,8,116,7,116,13,116,8,116,9,116
2026-01-15,13,6,26,6,12,10,0.0,87,10.0,1021,33.0,13,8,3,116,113,122,0,3,9,,17:43:00,08:24:00,7,116,6,113,13,113,8,113,8,116
2026-01-16,10,7,4,8,9,8,0.0,93,10.0,1015,76.625,10,7,7,122,122,116,0,2,2,,17:45:00,08:24:00,8,122,7,176,10,122,7,113,7,119
2026-01-17,12,6,21,6,10,10,0.0,93,10.0,1013,70.875,12,7,4,116,122,176,0,3,1,,17:46:00,08:23:00,6,113,6,122,12,176,10,122,6,113
2026-01-18,10,8,6,8,8,8,1.5,94,7.0,1015,100.0,10,7,7,176,176,176,0,2,1,,17:47:00,08:23:00,8,266,8,299,8,176,7,176,10,176
2026-01-19,8,7,6,7,8,8,3.5,97,6.875,1020,100.0,8,7,6,296,266,266,0,2,1,,17:48:00,08:22:00,7,176,7,266,8,176,8,266,7,266
2026-01-20,11,7,29,7,9,9,0.0,96,8.0,1019,77.625,11,7,6,176,176,116,0,2,2,,17:50:00,08:21:00,7,176,7,176,11,119,8,116,8,176
2026-01-21,11,4,18,4,9,8,2.7,88,9.625,1014,25.0,11,5,2,113,113,176,0,3,9,,17:51:00,08:21:00,6,113,4,113,11,113,6,356,7,113
2026-01-22,11,8,24,8,9,8,1.4,85,9.0,1003,75.125,11,7,5,176,176,116,0,2,3,,17:52:00,08:20:00,8,266,8,176,11,353,5,113,9,176
2026-01-23,8,5,13,5,7,6,0.0,87,10.0,1001,45.0,8,4,3,116,176,113,0,3,4,,17:53:00,08:19:00,5,116,6,176,8,116,4,113,5,113
2026-01-24,8,4,22,4,7,6,2.2,89,8.875,1001,72.5,8,4,1,116,116,266,0,3,3,,17:55:00,08:18:00,6,116,5,122,8,176,6,296,5,116
2026-01-25,10,5,33,5,10,5,2.4,90,8.875,1005,77.25,10,5,1,116,116,296,0,2,7,,17:56:00,08:17:00,7,353,5,116,9,266,7,176,6,353
2026-01-26,10,4,18,4,9,8,0.3,94,9.0,1009,58.625,10,6,1,143,176,113,0,2,6,,17:57:00,08:17:00,6,176,5,119,10,113,6,113,7,353
2026-01-27,10,7,29,8,10,7,3.0,88,9.75,1003,75.75,10,6,4,113,119,296,0,2,1,,17:59:00,08:16:00,9,116,8,122,7,296,6,176,9,122
2026-01-28,9,4,19,5,8,7,0.9,92,8.0,999,57.25,9,4,1,119,116,113,0,2,8,,18:00:00,08:15:00,5,266,4,113,9,119,5,116,5,266
2026-01-29,9,4,8,4,9,8,0.2,86,9.0,1004,57.125,9,6,2,113,119,116,0,2,6,,18:01:00,08:14:00,6,119,4,116,8,266,8,116,4,119
2026-01-30,13,6,23,7,12,10,6.4,85,9.5,1007,51.75,13,7,4,113,113,296,0,2,7,,18:03:00,08:13:00,8,176,6,116,13,116,8,116,8,302
2026-01-31,9,5,26,5,7,8,7.8,89,7.5,1013,97.875,9,6,1,176,296,353,0,2,2,,18:04:00,08:12:00,7,302,6,266,9,353,7,176,8,266
2026-02-01,12,6,19,8,11,10,0.3,87,10.0,1014,87.5,12,7,4,176,116,122,0,2,5,,18:05:00,08:11:00,8,176,6,122,12,122,9,119,9,353
2026-02-02,13,7,33,7,12,11,0.1,85,10.0,1005,41.75,13,8,4,119,113,116,0,3,10,,18:07:00,08:10:00,7,113,9,116,13,113,10,176,7,116
2026-02-03,13,6,18,6,11,9,0.8,89,9.875,1000,26.0,13,6,4,113,113,113,0,2,10,,18:08:00,08:08:00,7,116,6,113,13,113,7,113,8,296
2026-02-04,10,5,15,5,9,8,0.0,92,10.0,999,43.375,10,4,2,116,116,116,0,3,6,,18:09:00,08:07:00,5,113,6,122,10,176,6,116,6,113
2026-02-05,12,7,34,7,11,10,0.7,84,9.375,995,50.875,12,8,4,116,113,263,0,2,7,,18:11:00,08:06:00,7,116,7,113,12,122,9,176,7,176
2026-02-06,14,7,15,8,12,11,0.0,83,9.875,1001,42.625,14,6,5,113,200,116,0,3,10,,18:12:00,08:05:00,9,113,7,116,14,113,9,122,7,116
2026-02-07,11,6,11,6,9,9,1.0,91,7.0,1008,51.875,11,5,4,266,113,113,0,3,8,,18:13:00,08:04:00,7,266,6,266,11,113,6,116,6,116
2026-02-08,7,6,10,6,7,7,1.7,90,8.875,1012,89.0,7,6,5,122,296,176,0,2,1,,18:15:00,08:02:00,7,176,7,176,7,266,6,116,7,122
2026-02-09,12,5,10,5,10,10,0.1,93,10.0,1010,55.625,12,6,5,116,113,116,0,2,10,,18:16:00,08:01:00,7,122,6,116,12,116,9,176,7,176
2026-02-10,13,9,18,9,11,13,12.6,95,6.75,1006,97.375,13,12,7,353,296,296,0,3,1,,18:17:00,08:00:00,8,296,10,266,11,389,13,302,8,266
2026-02-11,15,12,35,12,15,12,4.1,82,8.875,1008,82.5,15,10,9,176,176,263,0,3,5,,18:19:00,07:59:00,12,176,12,176,13,122,11,302,13,176
2026-02-12,12,9,62,9,10,10,1.0,75,9.0,1007,66.375,12,7,4,266,176,176,0,4,1,,18:20:00,07:57:00,11,116,10,176,11,353,9,176,12,113
2026-02-13,11,7,22,7,10,9,0.8,83,8.0,1007,76.125,11,7,5,116,119,266,0,2,4,,18:21:00,07:56:00,8,113,8,122,11,176,8,266,9,176
2026-02-14,8,6,33,8,8,4,2.9,94,9.75,1020,100.0,8,7,1,176,176,122,1,2,1,,18:23:00,07:54:00,8,296,8,176,6,176,4,176,8,296
2026-02-15,10,2,22,2,7,9,2.3,87,7.875,1023,79.5,10,6,-2,116,122,296,0,2,2,,18:24:00,07:53:00,4,176,3,116,8,266,10,266,4,176
2026-02-16,12,10,36,10,11,10,3.3,91,7.875,1018,87.75,12,10,7,296,176,353,0,3,4,,18:26:00,07:52:00,10,266,11,266,12,353,10,353,10,176
2026-02-17,10,7,24,8,9,9,1.0,91,8.0,1020,85.75,10,9,4,176,266,176,0,2,1,,18:27:00,07:50:00,9,176,8,176,7,266,10,176,9,176
2026-02-18,15,8,25,8,14,12,1.1,84,9.875,1019,39.5,15,7,7,119,116,113,0,4,11,,18:28:00,07:49:00,9,116,9,116,15,113,8,296,9,113
2026-02-19,9,6,44,6,8,9,0.6,85,8.0,1023,97.25,9,5,1,122,266,176,0,2,1,,18:30:00,07:47:00,7,176,7,176,9,266,8,176,8,176
2026-02-20,11,7,25,7,11,11,0.4,88,9.0,1031,82.125,11,7,3,176,176,176,0,2,4,,18:31:00,07:46:00,6,116,7,176,11,176,9,176,8,266
2026-02-21,14,6,7,6,12,12,0.0,87,10.0,1033,16.125,14,7,5,113,113,113,0,3,11,,18:32:00,07:44:00,6,116,7,113,14,113,9,116,7,113
2026-02-22,16,6,8,6,13,13,0.0,90,10.0,1031,9.25,16,8,6,113,113,113,0,4,11,,18:34:00,07:43:00,7,113,8,113,16,113,10,116,8,113
2026-02-23,16,7,6,7,13,14,0.0,92,10.0,1030,9.75,16,8,6,113,113,113,0,4,11,,18:35:00,07:41:00,8,113,8,113,16,113,11,113,9,113
2026-02-24,19,8,12,8,16,15,0.0,88,10.0,1024,42.125,19,9,7,113,122,113,0,4,3,,18:36:00,07:39:00,8,113,10,122,19,122,12,113,9,113
2026-02-25,17,9,29,9,16,14,0.0,78,10.0,1022,10.375,17,10,7,113,113,113,0,4,11,,18:37:00,07:38:00,10,113,11,113,17,113,11,113,11,113
2026-02-26,19,8,11,8,16,16,0.0,94,10.0,1028,11.625,19,10,7,113,113,113,0,4,11,,18:39:00,07:36:00,9,116,10,113,19,113,12,113,10,116
2026-02-27,18,9,18,9,16,14,0.0,89,10.0,1025,2.0,18,9,6,113,113,113,0,4,11,,18:40:00,07:35:00,9,113,10,113,18,113,10,113,10,113
2026-02-28,11,9,17,10,9,10,0.5,91,9.0,1028,91.625,11,9,8,353,176,176,0,2,1,,18:41:00,07:33:00,11,266,9,176,11,176,9,119,10,176
2026-03-01,15,5,11,5,12,13,0.0,91,10.0,1028,16.0,15,6,5,113,113,113,0,3,11,,18:43:00,07:31:00,7,113,7,113,15,113,9,113,8,116
2026-03-02,15,9,32,9,13,12,0.0,86,10.0,1019,46.25,15,9,6,119,116,113,0,4,10,,18:44:00,07:30:00,8,116,10,116,15,116,11,116,9,113
2026-03-03,17,10,26,10,16,14,0.0,90,10.0,1022,32.25,17,10,7,116,116,116,0,4,11,,18:45:00,07:28:00,10,113,12,116,17,116,11,113,11,113
2026-03-04,17,10,34,10,15,14,0.0,87,10.0,1023,25.75,17,10,7,116,113,113,0,4,11,,18:47:00,07:26:00,10,116,12,116,17,113,12,113,10,113
2026-03-05,15,12,41,12,15,13,0.0,80,10.0,1018,65.125,15,10,9,119,116,122,0,4,7,,18:48:00,07:24:00,12,116,13,116,14,176,13,176,12,113
2026-03-06,13,12,35,12,12,13,0.6,88,10.0,1019,98.75,13,10,10,353,176,122,0,3,1,,18:49:00,07:23:00,13,176,12,176,13,122,11,122,13,176
2026-03-07,16,12,34,12,15,14,0.1,79,10.0,1021,68.75,16,10,9,122,176,113,0,3,6,,18:50:00,07:21:00,12,122,12,119,16,176,10,113,12,176
2026-03-08,14,10,10,10,13,12,1.6,92,9.875,1022,84.5,14,9,9,176,353,176,0,3,4,,18:52:00,07:19:00,11,122,11,296,14,176,10,176,10,122
2026-03-09,16,8,9,8,14,15,0.2,93,9.875,1022,64.5,16,9,7,200,116,176,0,3,7,,18:53:00,07:18:00,9,176,10,176,16,113,11,116,10,119
2026-03-10,16,7,5,7,14,15,0.0,94,10.0,1022,50.375,16,8,7,116,116,176,0,4,9,,18:54:00,07:16:00,7,116,9,119,16,176,10,116,8,113
2026-03-11,15,8,16,8,14,11,1.6,91,9.875,1026,78.625,15,9,8,116,122,296,0,4,1,,18:55:00,07:14:00,8,116,10,122,15,353,11,176,9,116
2026-03-12,14,5,9,5,12,13,0.1,93,10.0,1027,24.25,14,8,3,113,116,113,0,2,11,,18:57:00,07:12:00,7,113,7,113,14,113,8,113,9,176
2026-03-13,18,6,9,6,16,15,0.0,90,10.0,1024,16.875,18,8,5,113,113,113,0,4,10,,18:58:00,07:10:00,7,113,9,113,18,113,12,116,8,113
2026-03-14,10,5,24,7,5,8,7.8,92,7.25,1012,93.75,10,9,1,353,266,176,0,2,1,,18:59:00,07:09:00,8,296,6,296,8,266,5,176,10,302
2026-03-15,11,3,26,3,9,10,0.1,93,10.0,1022,26.25,11,2,-2,116,113,113,0,2,11,,19:00:00,07:07:00,3,176,5,113,11,113,6,113,4,176
2026-03-16,14,3,11,3,12,13,0.0,89,10.0,1025,11.5,14,8,0,113,113,113,0,3,12,,19:02:00,07:05:00,3,113,6,113,14,113,8,113,4,113
2026-03-17,19,6,14,6,15,16,0.0,91,10.0,1022,4.125,19,9,4,113,113,113,0,4,12,,19:03:00,07:03:00,7,113,9,113,19,113,11,113,8,113
2026-03-18,19,8,18,8,17,14,0.0,74,10.0,1011,0.5,19,8,5,113,113,113,0,4,12,,19:04:00,07:01:00,9,113,11,113,19,113,10,113,10,113
2026-03-19,15,9,40,9,14,13,0.0,70,10.0,1016,7.125,15,6,5,113,113,113,0,4,12,,19:05:00,07:00:00,10,113,11,113,15,113,9,113,10,113
2026-03-20,16,5,25,5,15,13,0.0,61,10.0,1017,4.25,16,5,3,113,113,113,0,4,12,,19:07:00,06:58:00,6,113,9,113,16,113,9,113,7,113
2026-03-21,17,5,14,5,15,15,0.0,82,10.0,1014,1.0,17,7,2,113,113,113,0,3,13,,19:08:00,06:56:00,5,113,9,113,17,113,9,113,7,113
2026-03-22,15,6,24,6,14,12,0.4,90,9.875,1013,38.375,15,6,3,113,113,176,0,3,8,,19:09:00,06:54:00,7,113,9,113,15,176,8,176,9,113
2026-03-23,15,5,10,5,13,14,0.0,93,10.0,1021,18.0,15,6,4,113,113,113,0,2,13,,19:10:00,06:52:00,6,113,9,113,15,113,9,113,8,176
2026-03-24,17,6,9,6,15,16,0.0,88,10.0,1024,7.5,17,8,4,113,113,113,0,4,13,,19:11:00,06:50:00,7,113,10,113,17,113,10,113,8,113
2026-03-25,15,7,29,7,15,10,0.2,88,9.0,1024,33.75,15,7,5,113,113,176,0,3,6,,19:13:00,06:49:00,7,113,10,113,10,266,8,176,9,113
2026-03-26,9,3,26,3,9,9,0.2,86,10.0,1026,47.25,9,3,-1,113,176,116,0,2,7,,19:14:00,06:47:00,4,176,5,113,9,119,5,113,6,176
2026-03-27,11,2,20,2,10,10,0.0,92,10.0,1025,28.75,11,1,-2,116,113,116,0,3,13,,19:15:00,06:45:00,3,116,6,113,11,116,5,116,4,113
2026-03-28,8,3,20,3,8,7,1.3,84,8.875,1028,72.125,8,6,-1,119,176,296,0,3,1,,19:16:00,06:43:00,3,113,6,119,8,266,6,176,4,113
2026-03-29,11,2,33,2,7,11,0.0,89,10.0,1032,62.0,11,2,-4,113,176,116,0,2,9,,19:18:00,06:41:00,4,119,2,116,10,176,6,176,5,176
2026-03-30,9,2,24,2,8,8,0.5,91,9.0,1034,71.125,9,8,-2,119,122,266,0,3,2,,20:18:00,07:40:00,3,113,5,116,8,176,9,176,4,113
2026-03-31,11,6,24,7,10,11,0.2,88,9.0,1032,85.625,11,9,3,176,176,122,0,2,4,,20:19:00,07:38:00,8,119,6,119,11,176,10,122,10,266
2026-04-01,12,8,24,8,11,12,0.6,97,10.0,1028,91.5,12,9,6,122,122,176,0,2,2,,20:21:00,07:36:00,8,122,9,122,12,122,9,299,9,119
2026-04-02,11,7,21,7,7,11,1.9,94,8.875,1021,93.25,11,8,4,176,176,119,0,2,2,,20:22:00,07:35:00,7,122,7,122,10,122,9,119,9,356
2026-04-03,14,8,24,8,12,13,0.1,94,9.875,1026,92.25,14,8,5,122,176,122,0,2,1,,20:23:00,07:33:00,8,122,8,119,14,122,10,122,9,119
2026-04-04,20,6,9,6,15,20,0.0,87,10.0,1027,21.25,20,10,6,113,113,113,0,3,13,,20:24:00,07:31:00,7,116,9,113,19,113,15,113,10,122
2026-04-05,22,9,8,9,18,22,0.0,83,10.0,1025,15.0,24,14,8,113,116,113,0,4,13,,20:25:00,07:29:00,10,113,12,113,21,116,19,113,12,113
2026-04-06,24,13,21,13,21,24,0.0,91,10.0,1025,5.125,25,13,12,113,113,113,0,5,13,,20:27:00,07:28:00,13,113,14,113,24,113,18,113,14,113
2026-04-07,21,11,22,11,18,21,0.0,80,10.0,1020,1.5,24,11,9,113,113,113,0,5,13,,20:28:00,07:26:00,13,113,12,113,21,113,15,113,15,113
2026-04-08,24,10,15,10,18,24,0.0,79,10.0,1021,0.0,25,9,9,113,113,113,0,5,13,,20:29:00,07:24:00,11,113,12,113,24,113,20,113,13,113
2026-04-09,25,11,11,11,20,25,0.0,77,10.0,1021,2.75,26,12,11,113,113,113,0,5,13,,20:30:00,07:22:00,12,113,13,113,25,113,22,113,15,113
2026-04-10,24,10,12,10,18,24,0.0,95,9.0,1021,7.5,25,12,9,116,113,113,0,5,13,,20:31:00,07:21:00,13,113,13,113,23,113,19,113,16,113
2026-04-11,18,14,21,14,18,16,0.4,87,8.875,1019,70.875,18,12,13,119,122,122,0,4,1,,20:33:00,07:19:00,13,113,14,119,16,122,11,176,16,113
2026-04-12,9,6,17,6,6,7,6.1,91,6.875,1021,100.0,9,7,2,176,356,305,0,2,1,,20:34:00,07:17:00,7,176,6,305,6,305,6,299,9,176
2026-04-13,12,5,17,5,9,12,1.6,96,7.75,1018,93.125,12,6,2,176,176,176,0,2,3,,20:35:00,07:15:00,5,176,6,176,12,176,9,122,5,299
2026-04-14,15,4,17,4,12,15,0.0,93,10.0,1022,29.75,15,6,1,113,116,116,0,3,10,,20:36:00,07:14:00,6,113,7,113,15,116,11,113,7,116
2026-04-15,19,6,11,6,15,19,0.0,83,10.0,1022,19.125,19,11,5,113,113,119,0,4,13,,20:37:00,07:12:00,8,113,10,113,19,113,15,116,9,113
2026-04-16,21,9,10,9,18,21,0.0,93,10.0,1024,15.0,21,10,10,113,113,113,0,4,13,,20:39:00,07:10:00,10,116,12,113,21,113,16,113,12,116
2026-04-17,23,10,9,10,19,23,0.0,83,10.0,1021,15.75,24,11,10,113,116,113,0,5,13,,20:40:00,07:09:00,11,113,14,116,22,113,18,113,13,113
2026-04-18,22,12,9,12,19,22,0.0,84,10.0,1021,9.25,25,13,12,113,113,113,0,5,12,,20:41:00,07:07:00,13,113,14,113,22,113,19,113,15,113
2026-04-19,23,12,10,12,20,23,0.0,95,9.0,1020,23.5,25,14,11,116,113,113,0,5,13,,20:42:00,07:05:00,14,116,14,116,23,113,19,113,16,113
2026-04-20,24,13,4,13,21,23,0.0,93,9.875,1016,37.5,25,15,13,113,116,113,0,4,12,,20:43:00,07:04:00,14,113,16,113,24,116,21,122,16,119
2026-04-21,26,13,10,13,22,25,0.0,91,10.0,1012,10.0,27,13,13,113,113,113,0,5,12,,20:45:00,07:02:00,14,113,16,113,26,113,23,113,18,113
2026-04-22,25,15,19,15,21,23,0.0,75,9.0,1016,32.375,26,13,15,113,113,119,0,5,9,,20:46:00,07:01:00,17,113,15,113,25,119,18,116,19,113
2026-04-23,21,13,30,13,19,19,0.0,93,10.0,1019,26.125,21,14,11,116,113,113,0,4,14,,20:47:00,06:59:00,14,119,15,113,21,113,16,113,15,122
2026-04-24,23,12,22,12,20,23,0.0,67,10.0,1018,2.625,25,9,10,113,113,113,0,5,14,,20:48:00,06:57:00,12,113,14,113,23,113,18,113,14,113
2026-04-25,21,13,12,13,18,20,0.0,97,9.0,1021,62.625,21,14,12,119,122,119,0,5,4,,20:49:00,06:56:00,13,116,14,122,21,116,17,116,15,116
2026-04-26,24,14,10,14,19,24,0.0,79,10.0,1020,46.625,25,13,14,119,113,116,0,4,14,,20:51:00,06:54:00,15,119,15,116,23,116,20,113,17,122
2026-04-27,24,13,8,13,21,24,0.1,90,9.875,1019,37.75,25,14,13,113,116,119,0,5,13,,20:52:00,06:53:00,14,113,16,113,23,176,19,119,17,113
2026-04-28,22,13,7,13,19,20,2.6,93,9.625,1017,77.75,25,14,13,119,122,299,0,4,3,,20:53:00,06:51:00,15,113,16,176,22,119,16,305,17,119
2026-04-29,22,13,27,13,20,21,0.0,93,10.0,1012,27.75,24,13,12,116,113,113,0,4,14,,20:54:00,06:50:00,14,113,15,113,22,113,17,113,14,119
2026-04-30,22,13,18,13,20,21,0.4,84,9.0,1017,45.375,25,14,11,113,116,116,0,5,7,,20:55:00,06:48:00,13,113,15,116,22,176,17,119,14,113
